{ "columns":0,
 "grid":
    {
     "height":1,
     "orientation":"orthogonal",
     "width":1
    },
 "margin":0,
 "name":"Decoration_RuinsTileSet",
 "spacing":0,
 "tilecount":130,
 "tiledversion":"1.2.3",
 "tileheight":16,
 "tiles":[
        {
         "id":0,
         "image":"..\/..\/SharedAssets.xcassets\/Sprite Atlas\/Decoration Tiles Sprite Atlas.spriteatlas\/ruins_wall_left_0.imageset\/ruins_wall_left_0.png",
         "imageheight":16,
         "imagewidth":16
        }, 
        {
         "id":1,
         "image":"..\/..\/SharedAssets.xcassets\/Sprite Atlas\/Decoration Tiles Sprite Atlas.spriteatlas\/ruins_wall_left_1.imageset\/ruins_wall_left_1.png",
         "imageheight":16,
         "imagewidth":16
        }, 
        {
         "id":2,
         "image":"..\/..\/SharedAssets.xcassets\/Sprite Atlas\/Decoration Tiles Sprite Atlas.spriteatlas\/ruins_wall_middle_0.imageset\/ruins_wall_middle_0.png",
         "imageheight":16,
         "imagewidth":16
        }, 
        {
         "id":3,
         "image":"..\/..\/SharedAssets.xcassets\/Sprite Atlas\/Decoration Tiles Sprite Atlas.spriteatlas\/ruins_wall_middle_1.imageset\/ruins_wall_middle_1.png",
         "imageheight":16,
         "imagewidth":16
        }, 
        {
         "id":4,
         "image":"..\/..\/SharedAssets.xcassets\/Sprite Atlas\/Decoration Tiles Sprite Atlas.spriteatlas\/ruins_wall_middle_2.imageset\/ruins_wall_middle_2.png",
         "imageheight":16,
         "imagewidth":16
        }, 
        {
         "id":5,
         "image":"..\/..\/SharedAssets.xcassets\/Sprite Atlas\/Decoration Tiles Sprite Atlas.spriteatlas\/ruins_wall_middle_3.imageset\/ruins_wall_middle_3.png",
         "imageheight":16,
         "imagewidth":16
        }, 
        {
         "id":6,
         "image":"..\/..\/SharedAssets.xcassets\/Sprite Atlas\/Decoration Tiles Sprite Atlas.spriteatlas\/ruins_wall_middle_4.imageset\/ruins_wall_middle_4.png",
         "imageheight":16,
         "imagewidth":16
        }, 
        {
         "id":7,
         "image":"..\/..\/SharedAssets.xcassets\/Sprite Atlas\/Decoration Tiles Sprite Atlas.spriteatlas\/ruins_wall_middle_5.imageset\/ruins_wall_middle_5.png",
         "imageheight":16,
         "imagewidth":16
        }, 
        {
         "id":8,
         "image":"..\/..\/SharedAssets.xcassets\/Sprite Atlas\/Decoration Tiles Sprite Atlas.spriteatlas\/ruins_wall_middle_6.imageset\/ruins_wall_middle_6.png",
         "imageheight":16,
         "imagewidth":16
        }, 
        {
         "id":9,
         "image":"..\/..\/SharedAssets.xcassets\/Sprite Atlas\/Decoration Tiles Sprite Atlas.spriteatlas\/ruins_wall_middle_7.imageset\/ruins_wall_middle_7.png",
         "imageheight":16,
         "imagewidth":16
        }, 
        {
         "id":10,
         "image":"..\/..\/SharedAssets.xcassets\/Sprite Atlas\/Decoration Tiles Sprite Atlas.spriteatlas\/ruins_wall_middle_8.imageset\/ruins_wall_middle_8.png",
         "imageheight":16,
         "imagewidth":16
        }, 
        {
         "id":11,
         "image":"..\/..\/SharedAssets.xcassets\/Sprite Atlas\/Decoration Tiles Sprite Atlas.spriteatlas\/ruins_wall_middle_9.imageset\/ruins_wall_middle_9.png",
         "imageheight":16,
         "imagewidth":16
        }, 
        {
         "id":12,
         "image":"..\/..\/SharedAssets.xcassets\/Sprite Atlas\/Decoration Tiles Sprite Atlas.spriteatlas\/ruins_wall_middle_10.imageset\/ruins_wall_middle_10.png",
         "imageheight":16,
         "imagewidth":16
        }, 
        {
         "id":13,
         "image":"..\/..\/SharedAssets.xcassets\/Sprite Atlas\/Decoration Tiles Sprite Atlas.spriteatlas\/ruins_wall_middle_11.imageset\/ruins_wall_middle_11.png",
         "imageheight":16,
         "imagewidth":16
        }, 
        {
         "id":14,
         "image":"..\/..\/SharedAssets.xcassets\/Sprite Atlas\/Decoration Tiles Sprite Atlas.spriteatlas\/ruins_wall_middle_12.imageset\/ruins_wall_middle_12.png",
         "imageheight":16,
         "imagewidth":16
        }, 
        {
         "id":15,
         "image":"..\/..\/SharedAssets.xcassets\/Sprite Atlas\/Decoration Tiles Sprite Atlas.spriteatlas\/ruins_wall_middle_13.imageset\/ruins_wall_middle_13.png",
         "imageheight":16,
         "imagewidth":16
        }, 
        {
         "id":16,
         "image":"..\/..\/SharedAssets.xcassets\/Sprite Atlas\/Decoration Tiles Sprite Atlas.spriteatlas\/ruins_wall_middle_14.imageset\/ruins_wall_middle_14.png",
         "imageheight":16,
         "imagewidth":16
        }, 
        {
         "id":17,
         "image":"..\/..\/SharedAssets.xcassets\/Sprite Atlas\/Decoration Tiles Sprite Atlas.spriteatlas\/ruins_wall_middle_15.imageset\/ruins_wall_middle_15.png",
         "imageheight":16,
         "imagewidth":16
        }, 
        {
         "id":18,
         "image":"..\/..\/SharedAssets.xcassets\/Sprite Atlas\/Decoration Tiles Sprite Atlas.spriteatlas\/ruins_wall_right_0.imageset\/ruins_wall_right_0.png",
         "imageheight":16,
         "imagewidth":16
        }, 
        {
         "id":19,
         "image":"..\/..\/SharedAssets.xcassets\/Sprite Atlas\/Decoration Tiles Sprite Atlas.spriteatlas\/ruins_wall_right_1.imageset\/ruins_wall_right_1.png",
         "imageheight":16,
         "imagewidth":16
        }, 
        {
         "id":20,
         "image":"..\/..\/SharedAssets.xcassets\/Sprite Atlas\/Decoration Tiles Sprite Atlas.spriteatlas\/ruins_wall_row_left.imageset\/ruins_wall_row_left.png",
         "imageheight":16,
         "imagewidth":16
        }, 
        {
         "id":21,
         "image":"..\/..\/SharedAssets.xcassets\/Sprite Atlas\/Decoration Tiles Sprite Atlas.spriteatlas\/ruins_wall_row_middle_0.imageset\/ruins_wall_row_middle_0.png",
         "imageheight":16,
         "imagewidth":16
        }, 
        {
         "id":22,
         "image":"..\/..\/SharedAssets.xcassets\/Sprite Atlas\/Decoration Tiles Sprite Atlas.spriteatlas\/ruins_wall_row_middle_1.imageset\/ruins_wall_row_middle_1.png",
         "imageheight":16,
         "imagewidth":16
        }, 
        {
         "id":23,
         "image":"..\/..\/SharedAssets.xcassets\/Sprite Atlas\/Decoration Tiles Sprite Atlas.spriteatlas\/ruins_wall_row_right.imageset\/ruins_wall_row_right.png",
         "imageheight":16,
         "imagewidth":16
        }, 
        {
         "id":24,
         "image":"..\/..\/SharedAssets.xcassets\/Sprite Atlas\/Decoration Tiles Sprite Atlas.spriteatlas\/ruins_wall_top_0.imageset\/ruins_wall_top_0.png",
         "imageheight":16,
         "imagewidth":16
        }, 
        {
         "id":25,
         "image":"..\/..\/SharedAssets.xcassets\/Sprite Atlas\/Decoration Tiles Sprite Atlas.spriteatlas\/ruins_wall_top_1.imageset\/ruins_wall_top_1.png",
         "imageheight":16,
         "imagewidth":16
        }, 
        {
         "id":26,
         "image":"..\/..\/SharedAssets.xcassets\/Sprite Atlas\/Decoration Tiles Sprite Atlas.spriteatlas\/ruins_wall_top_2.imageset\/ruins_wall_top_2.png",
         "imageheight":16,
         "imagewidth":16
        }, 
        {
         "id":27,
         "image":"..\/..\/SharedAssets.xcassets\/Sprite Atlas\/Decoration Tiles Sprite Atlas.spriteatlas\/ruins_wall_top_3.imageset\/ruins_wall_top_3.png",
         "imageheight":16,
         "imagewidth":16
        }, 
        {
         "id":28,
         "image":"..\/..\/SharedAssets.xcassets\/Sprite Atlas\/Decoration Tiles Sprite Atlas.spriteatlas\/ruins_wall_top_4.imageset\/ruins_wall_top_4.png",
         "imageheight":16,
         "imagewidth":16
        }, 
        {
         "id":29,
         "image":"..\/..\/SharedAssets.xcassets\/Sprite Atlas\/Decoration Tiles Sprite Atlas.spriteatlas\/ruins_wall_top_5.imageset\/ruins_wall_top_5.png",
         "imageheight":16,
         "imagewidth":16
        }, 
        {
         "id":30,
         "image":"..\/..\/SharedAssets.xcassets\/Sprite Atlas\/Decoration Tiles Sprite Atlas.spriteatlas\/ruins_wall_top_6.imageset\/ruins_wall_top_6.png",
         "imageheight":16,
         "imagewidth":16
        }, 
        {
         "id":31,
         "image":"..\/..\/SharedAssets.xcassets\/Sprite Atlas\/Decoration Tiles Sprite Atlas.spriteatlas\/ruins_wall_top_7.imageset\/ruins_wall_top_7.png",
         "imageheight":16,
         "imagewidth":16
        }, 
        {
         "id":32,
         "image":"..\/..\/SharedAssets.xcassets\/Sprite Atlas\/Decoration Tiles Sprite Atlas.spriteatlas\/ruins_wall_top_8.imageset\/ruins_wall_top_8.png",
         "imageheight":16,
         "imagewidth":16
        }, 
        {
         "id":33,
         "image":"..\/..\/SharedAssets.xcassets\/Sprite Atlas\/Decoration Tiles Sprite Atlas.spriteatlas\/ruins_wall_top_9.imageset\/ruins_wall_top_9.png",
         "imageheight":16,
         "imagewidth":16
        }, 
        {
         "id":34,
         "image":"..\/..\/SharedAssets.xcassets\/Sprite Atlas\/Decoration Tiles Sprite Atlas.spriteatlas\/ruins_wall_top_10.imageset\/ruins_wall_top_10.png",
         "imageheight":16,
         "imagewidth":16
        }, 
        {
         "id":35,
         "image":"..\/..\/SharedAssets.xcassets\/Sprite Atlas\/Decoration Tiles Sprite Atlas.spriteatlas\/ruins_wall_top_11.imageset\/ruins_wall_top_11.png",
         "imageheight":16,
         "imagewidth":16
        }, 
        {
         "id":110,
         "image":"..\/..\/SharedAssets.xcassets\/Sprite Atlas\/Decoration Tiles Sprite Atlas.spriteatlas\/ruins_stone_blue_bottom_left.imageset\/ruins_stone_blue_bottom_left.png",
         "imageheight":16,
         "imagewidth":16
        }, 
        {
         "id":111,
         "image":"..\/..\/SharedAssets.xcassets\/Sprite Atlas\/Decoration Tiles Sprite Atlas.spriteatlas\/ruins_stone_blue_bottom_right.imageset\/ruins_stone_blue_bottom_right.png",
         "imageheight":16,
         "imagewidth":16
        }, 
        {
         "id":112,
         "image":"..\/..\/SharedAssets.xcassets\/Sprite Atlas\/Decoration Tiles Sprite Atlas.spriteatlas\/ruins_stone_blue_row_left.imageset\/ruins_stone_blue_row_left.png",
         "imageheight":16,
         "imagewidth":16
        }, 
        {
         "id":113,
         "image":"..\/..\/SharedAssets.xcassets\/Sprite Atlas\/Decoration Tiles Sprite Atlas.spriteatlas\/ruins_stone_blue_row_right.imageset\/ruins_stone_blue_row_right.png",
         "imageheight":16,
         "imagewidth":16
        }, 
        {
         "id":114,
         "image":"..\/..\/SharedAssets.xcassets\/Sprite Atlas\/Decoration Tiles Sprite Atlas.spriteatlas\/ruins_stone_blue_single.imageset\/ruins_stone_blue_single.png",
         "imageheight":16,
         "imagewidth":16
        }, 
        {
         "id":115,
         "image":"..\/..\/SharedAssets.xcassets\/Sprite Atlas\/Decoration Tiles Sprite Atlas.spriteatlas\/ruins_stone_blue_top_left.imageset\/ruins_stone_blue_top_left.png",
         "imageheight":16,
         "imagewidth":16
        }, 
        {
         "id":116,
         "image":"..\/..\/SharedAssets.xcassets\/Sprite Atlas\/Decoration Tiles Sprite Atlas.spriteatlas\/ruins_stone_blue_top_right.imageset\/ruins_stone_blue_top_right.png",
         "imageheight":16,
         "imagewidth":16
        }, 
        {
         "id":120,
         "image":"..\/..\/SharedAssets.xcassets\/Sprite Atlas\/Decoration Tiles Sprite Atlas.spriteatlas\/ruins_stone_brown_bottom_left.imageset\/ruins_stone_brown_bottom_left.png",
         "imageheight":16,
         "imagewidth":16
        }, 
        {
         "id":121,
         "image":"..\/..\/SharedAssets.xcassets\/Sprite Atlas\/Decoration Tiles Sprite Atlas.spriteatlas\/ruins_stone_brown_bottom_right.imageset\/ruins_stone_brown_bottom_right.png",
         "imageheight":16,
         "imagewidth":16
        }, 
        {
         "id":122,
         "image":"..\/..\/SharedAssets.xcassets\/Sprite Atlas\/Decoration Tiles Sprite Atlas.spriteatlas\/ruins_stone_brown_row_left.imageset\/ruins_stone_brown_row_left.png",
         "imageheight":16,
         "imagewidth":16
        }, 
        {
         "id":123,
         "image":"..\/..\/SharedAssets.xcassets\/Sprite Atlas\/Decoration Tiles Sprite Atlas.spriteatlas\/ruins_stone_brown_row_right.imageset\/ruins_stone_brown_row_right.png",
         "imageheight":16,
         "imagewidth":16
        }, 
        {
         "id":124,
         "image":"..\/..\/SharedAssets.xcassets\/Sprite Atlas\/Decoration Tiles Sprite Atlas.spriteatlas\/ruins_stone_brown_single.imageset\/ruins_stone_brown_single.png",
         "imageheight":16,
         "imagewidth":16
        }, 
        {
         "id":125,
         "image":"..\/..\/SharedAssets.xcassets\/Sprite Atlas\/Decoration Tiles Sprite Atlas.spriteatlas\/ruins_stone_brown_top_left.imageset\/ruins_stone_brown_top_left.png",
         "imageheight":16,
         "imagewidth":16
        }, 
        {
         "id":126,
         "image":"..\/..\/SharedAssets.xcassets\/Sprite Atlas\/Decoration Tiles Sprite Atlas.spriteatlas\/ruins_stone_brown_top_right.imageset\/ruins_stone_brown_top_right.png",
         "imageheight":16,
         "imagewidth":16
        }, 
        {
         "id":127,
         "image":"..\/..\/SharedAssets.xcassets\/Sprite Atlas\/Decoration Tiles Sprite Atlas.spriteatlas\/ruins_stone_composite_0.imageset\/ruins_stone_composite_0.png",
         "imageheight":16,
         "imagewidth":16
        }, 
        {
         "id":128,
         "image":"..\/..\/SharedAssets.xcassets\/Sprite Atlas\/Decoration Tiles Sprite Atlas.spriteatlas\/ruins_stone_composite_1.imageset\/ruins_stone_composite_1.png",
         "imageheight":16,
         "imagewidth":16
        }, 
        {
         "id":129,
         "image":"..\/..\/SharedAssets.xcassets\/Sprite Atlas\/Decoration Tiles Sprite Atlas.spriteatlas\/ruins_stone_composite_2.imageset\/ruins_stone_composite_2.png",
         "imageheight":16,
         "imagewidth":16
        }, 
        {
         "id":130,
         "image":"..\/..\/SharedAssets.xcassets\/Sprite Atlas\/Decoration Tiles Sprite Atlas.spriteatlas\/ruins_stone_cyan_bottom_left.imageset\/ruins_stone_cyan_bottom_left.png",
         "imageheight":16,
         "imagewidth":16
        }, 
        {
         "id":131,
         "image":"..\/..\/SharedAssets.xcassets\/Sprite Atlas\/Decoration Tiles Sprite Atlas.spriteatlas\/ruins_stone_cyan_bottom_right.imageset\/ruins_stone_cyan_bottom_right.png",
         "imageheight":16,
         "imagewidth":16
        }, 
        {
         "id":132,
         "image":"..\/..\/SharedAssets.xcassets\/Sprite Atlas\/Decoration Tiles Sprite Atlas.spriteatlas\/ruins_stone_cyan_row_left.imageset\/ruins_stone_cyan_row_left.png",
         "imageheight":16,
         "imagewidth":16
        }, 
        {
         "id":133,
         "image":"..\/..\/SharedAssets.xcassets\/Sprite Atlas\/Decoration Tiles Sprite Atlas.spriteatlas\/ruins_stone_cyan_row_right.imageset\/ruins_stone_cyan_row_right.png",
         "imageheight":16,
         "imagewidth":16
        }, 
        {
         "id":134,
         "image":"..\/..\/SharedAssets.xcassets\/Sprite Atlas\/Decoration Tiles Sprite Atlas.spriteatlas\/ruins_stone_cyan_single.imageset\/ruins_stone_cyan_single.png",
         "imageheight":16,
         "imagewidth":16
        }, 
        {
         "id":135,
         "image":"..\/..\/SharedAssets.xcassets\/Sprite Atlas\/Decoration Tiles Sprite Atlas.spriteatlas\/ruins_stone_cyan_top_left.imageset\/ruins_stone_cyan_top_left.png",
         "imageheight":16,
         "imagewidth":16
        }, 
        {
         "id":136,
         "image":"..\/..\/SharedAssets.xcassets\/Sprite Atlas\/Decoration Tiles Sprite Atlas.spriteatlas\/ruins_stone_cyan_top_right.imageset\/ruins_stone_cyan_top_right.png",
         "imageheight":16,
         "imagewidth":16
        }, 
        {
         "id":137,
         "image":"..\/..\/SharedAssets.xcassets\/Sprite Atlas\/Decoration Tiles Sprite Atlas.spriteatlas\/ruins_stone_dark_single.imageset\/ruins_stone_dark_single.png",
         "imageheight":16,
         "imagewidth":16
        }, 
        {
         "id":138,
         "image":"..\/..\/SharedAssets.xcassets\/Sprite Atlas\/Decoration Tiles Sprite Atlas.spriteatlas\/ruins_stone_plain_bottom_left.imageset\/ruins_stone_plain_bottom_left.png",
         "imageheight":16,
         "imagewidth":16
        }, 
        {
         "id":139,
         "image":"..\/..\/SharedAssets.xcassets\/Sprite Atlas\/Decoration Tiles Sprite Atlas.spriteatlas\/ruins_stone_plain_bottom_right.imageset\/ruins_stone_plain_bottom_right.png",
         "imageheight":16,
         "imagewidth":16
        }, 
        {
         "id":140,
         "image":"..\/..\/SharedAssets.xcassets\/Sprite Atlas\/Decoration Tiles Sprite Atlas.spriteatlas\/ruins_stone_plain_row_left.imageset\/ruins_stone_plain_row_left.png",
         "imageheight":16,
         "imagewidth":16
        }, 
        {
         "id":141,
         "image":"..\/..\/SharedAssets.xcassets\/Sprite Atlas\/Decoration Tiles Sprite Atlas.spriteatlas\/ruins_stone_plain_row_right.imageset\/ruins_stone_plain_row_right.png",
         "imageheight":16,
         "imagewidth":16
        }, 
        {
         "id":142,
         "image":"..\/..\/SharedAssets.xcassets\/Sprite Atlas\/Decoration Tiles Sprite Atlas.spriteatlas\/ruins_stone_plain_single.imageset\/ruins_stone_plain_single.png",
         "imageheight":16,
         "imagewidth":16
        }, 
        {
         "id":143,
         "image":"..\/..\/SharedAssets.xcassets\/Sprite Atlas\/Decoration Tiles Sprite Atlas.spriteatlas\/ruins_stone_plain_top_left.imageset\/ruins_stone_plain_top_left.png",
         "imageheight":16,
         "imagewidth":16
        }, 
        {
         "id":144,
         "image":"..\/..\/SharedAssets.xcassets\/Sprite Atlas\/Decoration Tiles Sprite Atlas.spriteatlas\/ruins_stone_plain_top_right.imageset\/ruins_stone_plain_top_right.png",
         "imageheight":16,
         "imagewidth":16
        }, 
        {
         "id":145,
         "image":"..\/..\/SharedAssets.xcassets\/Sprite Atlas\/Decoration Tiles Sprite Atlas.spriteatlas\/ruins_stone_yellow_bottom_left.imageset\/ruins_stone_yellow_bottom_left.png",
         "imageheight":16,
         "imagewidth":16
        }, 
        {
         "id":146,
         "image":"..\/..\/SharedAssets.xcassets\/Sprite Atlas\/Decoration Tiles Sprite Atlas.spriteatlas\/ruins_stone_yellow_bottom_right.imageset\/ruins_stone_yellow_bottom_right.png",
         "imageheight":16,
         "imagewidth":16
        }, 
        {
         "id":147,
         "image":"..\/..\/SharedAssets.xcassets\/Sprite Atlas\/Decoration Tiles Sprite Atlas.spriteatlas\/ruins_stone_yellow_row_left.imageset\/ruins_stone_yellow_row_left.png",
         "imageheight":16,
         "imagewidth":16
        }, 
        {
         "id":148,
         "image":"..\/..\/SharedAssets.xcassets\/Sprite Atlas\/Decoration Tiles Sprite Atlas.spriteatlas\/ruins_stone_yellow_row_right.imageset\/ruins_stone_yellow_row_right.png",
         "imageheight":16,
         "imagewidth":16
        }, 
        {
         "id":149,
         "image":"..\/..\/SharedAssets.xcassets\/Sprite Atlas\/Decoration Tiles Sprite Atlas.spriteatlas\/ruins_stone_yellow_single.imageset\/ruins_stone_yellow_single.png",
         "imageheight":16,
         "imagewidth":16
        }, 
        {
         "id":150,
         "image":"..\/..\/SharedAssets.xcassets\/Sprite Atlas\/Decoration Tiles Sprite Atlas.spriteatlas\/ruins_stone_yellow_top_left.imageset\/ruins_stone_yellow_top_left.png",
         "imageheight":16,
         "imagewidth":16
        }, 
        {
         "id":151,
         "image":"..\/..\/SharedAssets.xcassets\/Sprite Atlas\/Decoration Tiles Sprite Atlas.spriteatlas\/ruins_stone_yellow_top_right.imageset\/ruins_stone_yellow_top_right.png",
         "imageheight":16,
         "imagewidth":16
        }, 
        {
         "id":154,
         "image":"..\/..\/SharedAssets.xcassets\/Sprite Atlas\/Decoration Tiles Sprite Atlas.spriteatlas\/ruins_big_stones_left.imageset\/ruins_big_stones_left.png",
         "imageheight":16,
         "imagewidth":16
        }, 
        {
         "id":155,
         "image":"..\/..\/SharedAssets.xcassets\/Sprite Atlas\/Decoration Tiles Sprite Atlas.spriteatlas\/ruins_big_stones_right.imageset\/ruins_big_stones_right.png",
         "imageheight":16,
         "imagewidth":16
        }, 
        {
         "id":156,
         "image":"..\/..\/SharedAssets.xcassets\/Sprite Atlas\/Decoration Tiles Sprite Atlas.spriteatlas\/ruins_bridge_left.imageset\/ruins_bridge_left.png",
         "imageheight":16,
         "imagewidth":16
        }, 
        {
         "id":157,
         "image":"..\/..\/SharedAssets.xcassets\/Sprite Atlas\/Decoration Tiles Sprite Atlas.spriteatlas\/ruins_bridge_right.imageset\/ruins_bridge_right.png",
         "imageheight":16,
         "imagewidth":16
        }, 
        {
         "id":158,
         "image":"..\/..\/SharedAssets.xcassets\/Sprite Atlas\/Decoration Tiles Sprite Atlas.spriteatlas\/ruins_column_0_bottom.imageset\/ruins_column_0_bottom.png",
         "imageheight":16,
         "imagewidth":16
        }, 
        {
         "id":159,
         "image":"..\/..\/SharedAssets.xcassets\/Sprite Atlas\/Decoration Tiles Sprite Atlas.spriteatlas\/ruins_column_0_mid_bottom.imageset\/ruins_column_0_mid_bottom.png",
         "imageheight":16,
         "imagewidth":16
        }, 
        {
         "id":160,
         "image":"..\/..\/SharedAssets.xcassets\/Sprite Atlas\/Decoration Tiles Sprite Atlas.spriteatlas\/ruins_column_0_mid_top.imageset\/ruins_column_0_mid_top.png",
         "imageheight":16,
         "imagewidth":16
        }, 
        {
         "id":161,
         "image":"..\/..\/SharedAssets.xcassets\/Sprite Atlas\/Decoration Tiles Sprite Atlas.spriteatlas\/ruins_column_0_top.imageset\/ruins_column_0_top.png",
         "imageheight":16,
         "imagewidth":16
        }, 
        {
         "id":162,
         "image":"..\/..\/SharedAssets.xcassets\/Sprite Atlas\/Decoration Tiles Sprite Atlas.spriteatlas\/ruins_column_1_bottom.imageset\/ruins_column_1_bottom.png",
         "imageheight":16,
         "imagewidth":16
        }, 
        {
         "id":163,
         "image":"..\/..\/SharedAssets.xcassets\/Sprite Atlas\/Decoration Tiles Sprite Atlas.spriteatlas\/ruins_column_1_mid_bottom.imageset\/ruins_column_1_mid_bottom.png",
         "imageheight":16,
         "imagewidth":16
        }, 
        {
         "id":164,
         "image":"..\/..\/SharedAssets.xcassets\/Sprite Atlas\/Decoration Tiles Sprite Atlas.spriteatlas\/ruins_column_1_mid_top.imageset\/ruins_column_1_mid_top.png",
         "imageheight":16,
         "imagewidth":16
        }, 
        {
         "id":165,
         "image":"..\/..\/SharedAssets.xcassets\/Sprite Atlas\/Decoration Tiles Sprite Atlas.spriteatlas\/ruins_column_1_top.imageset\/ruins_column_1_top.png",
         "imageheight":16,
         "imagewidth":16
        }, 
        {
         "id":166,
         "image":"..\/..\/SharedAssets.xcassets\/Sprite Atlas\/Decoration Tiles Sprite Atlas.spriteatlas\/ruins_column_2_bottom.imageset\/ruins_column_2_bottom.png",
         "imageheight":16,
         "imagewidth":16
        }, 
        {
         "id":167,
         "image":"..\/..\/SharedAssets.xcassets\/Sprite Atlas\/Decoration Tiles Sprite Atlas.spriteatlas\/ruins_column_2_mid_bottom.imageset\/ruins_column_2_mid_bottom.png",
         "imageheight":16,
         "imagewidth":16
        }, 
        {
         "id":168,
         "image":"..\/..\/SharedAssets.xcassets\/Sprite Atlas\/Decoration Tiles Sprite Atlas.spriteatlas\/ruins_column_2_mid_top.imageset\/ruins_column_2_mid_top.png",
         "imageheight":16,
         "imagewidth":16
        }, 
        {
         "id":169,
         "image":"..\/..\/SharedAssets.xcassets\/Sprite Atlas\/Decoration Tiles Sprite Atlas.spriteatlas\/ruins_column_2_top.imageset\/ruins_column_2_top.png",
         "imageheight":16,
         "imagewidth":16
        }, 
        {
         "id":170,
         "image":"..\/..\/SharedAssets.xcassets\/Sprite Atlas\/Decoration Tiles Sprite Atlas.spriteatlas\/ruins_column_3_bottom.imageset\/ruins_column_3_bottom.png",
         "imageheight":16,
         "imagewidth":16
        }, 
        {
         "id":171,
         "image":"..\/..\/SharedAssets.xcassets\/Sprite Atlas\/Decoration Tiles Sprite Atlas.spriteatlas\/ruins_column_3_top.imageset\/ruins_column_3_top.png",
         "imageheight":16,
         "imagewidth":16
        }, 
        {
         "id":172,
         "image":"..\/..\/SharedAssets.xcassets\/Sprite Atlas\/Decoration Tiles Sprite Atlas.spriteatlas\/ruins_column_4_bottom.imageset\/ruins_column_4_bottom.png",
         "imageheight":16,
         "imagewidth":16
        }, 
        {
         "id":173,
         "image":"..\/..\/SharedAssets.xcassets\/Sprite Atlas\/Decoration Tiles Sprite Atlas.spriteatlas\/ruins_column_4_mid_bottom.imageset\/ruins_column_4_mid_bottom.png",
         "imageheight":16,
         "imagewidth":16
        }, 
        {
         "id":174,
         "image":"..\/..\/SharedAssets.xcassets\/Sprite Atlas\/Decoration Tiles Sprite Atlas.spriteatlas\/ruins_column_4_mid_top.imageset\/ruins_column_4_mid_top.png",
         "imageheight":16,
         "imagewidth":16
        }, 
        {
         "id":175,
         "image":"..\/..\/SharedAssets.xcassets\/Sprite Atlas\/Decoration Tiles Sprite Atlas.spriteatlas\/ruins_column_4_top.imageset\/ruins_column_4_top.png",
         "imageheight":16,
         "imagewidth":16
        }, 
        {
         "id":176,
         "image":"..\/..\/SharedAssets.xcassets\/Sprite Atlas\/Decoration Tiles Sprite Atlas.spriteatlas\/ruins_column_4.imageset\/ruins_column_4.png",
         "imageheight":16,
         "imagewidth":16
        }, 
        {
         "id":177,
         "image":"..\/..\/SharedAssets.xcassets\/Sprite Atlas\/Decoration Tiles Sprite Atlas.spriteatlas\/ruins_column_5_bottom.imageset\/ruins_column_5_bottom.png",
         "imageheight":16,
         "imagewidth":16
        }, 
        {
         "id":178,
         "image":"..\/..\/SharedAssets.xcassets\/Sprite Atlas\/Decoration Tiles Sprite Atlas.spriteatlas\/ruins_column_5_mid_bottom.imageset\/ruins_column_5_mid_bottom.png",
         "imageheight":16,
         "imagewidth":16
        }, 
        {
         "id":179,
         "image":"..\/..\/SharedAssets.xcassets\/Sprite Atlas\/Decoration Tiles Sprite Atlas.spriteatlas\/ruins_column_5_mid_top.imageset\/ruins_column_5_mid_top.png",
         "imageheight":16,
         "imagewidth":16
        }, 
        {
         "id":180,
         "image":"..\/..\/SharedAssets.xcassets\/Sprite Atlas\/Decoration Tiles Sprite Atlas.spriteatlas\/ruins_column_5_top.imageset\/ruins_column_5_top.png",
         "imageheight":16,
         "imagewidth":16
        }, 
        {
         "id":181,
         "image":"..\/..\/SharedAssets.xcassets\/Sprite Atlas\/Decoration Tiles Sprite Atlas.spriteatlas\/ruins_column_6_bottom.imageset\/ruins_column_6_bottom.png",
         "imageheight":16,
         "imagewidth":16
        }, 
        {
         "id":182,
         "image":"..\/..\/SharedAssets.xcassets\/Sprite Atlas\/Decoration Tiles Sprite Atlas.spriteatlas\/ruins_column_6_mid_bottom.imageset\/ruins_column_6_mid_bottom.png",
         "imageheight":16,
         "imagewidth":16
        }, 
        {
         "id":183,
         "image":"..\/..\/SharedAssets.xcassets\/Sprite Atlas\/Decoration Tiles Sprite Atlas.spriteatlas\/ruins_column_6_mid_top.imageset\/ruins_column_6_mid_top.png",
         "imageheight":16,
         "imagewidth":16
        }, 
        {
         "id":184,
         "image":"..\/..\/SharedAssets.xcassets\/Sprite Atlas\/Decoration Tiles Sprite Atlas.spriteatlas\/ruins_column_6_top.imageset\/ruins_column_6_top.png",
         "imageheight":16,
         "imagewidth":16
        }, 
        {
         "id":185,
         "image":"..\/..\/SharedAssets.xcassets\/Sprite Atlas\/Decoration Tiles Sprite Atlas.spriteatlas\/ruins_ladder.imageset\/ruins_ladder.png",
         "imageheight":16,
         "imagewidth":16
        }, 
        {
         "id":186,
         "image":"..\/..\/SharedAssets.xcassets\/Sprite Atlas\/Decoration Tiles Sprite Atlas.spriteatlas\/ruins_stones.imageset\/ruins_stones.png",
         "imageheight":16,
         "imagewidth":16
        }, 
        {
         "id":187,
         "image":"..\/..\/SharedAssets.xcassets\/Sprite Atlas\/Decoration Tiles Sprite Atlas.spriteatlas\/ruins_stones_1.imageset\/ruins_stones_1.png",
         "imageheight":16,
         "imagewidth":16
        }, 
        {
         "id":188,
         "image":"..\/..\/SharedAssets.xcassets\/Sprite Atlas\/Decoration Tiles Sprite Atlas.spriteatlas\/ruins_stone_thin_0.imageset\/ruins_stone_thin_0.png",
         "imageheight":16,
         "imagewidth":16
        }, 
        {
         "id":189,
         "image":"..\/..\/SharedAssets.xcassets\/Sprite Atlas\/Decoration Tiles Sprite Atlas.spriteatlas\/ruins_stone_thin_1.imageset\/ruins_stone_thin_1.png",
         "imageheight":16,
         "imagewidth":16
        }, 
        {
         "id":190,
         "image":"..\/..\/SharedAssets.xcassets\/Sprite Atlas\/Decoration Tiles Sprite Atlas.spriteatlas\/ruins_stone_thin_2.imageset\/ruins_stone_thin_2.png",
         "imageheight":16,
         "imagewidth":16
        }, 
        {
         "id":191,
         "image":"..\/..\/SharedAssets.xcassets\/Sprite Atlas\/Decoration Tiles Sprite Atlas.spriteatlas\/ruins_slope_0_3.imageset\/ruins_slope_0_3.png",
         "imageheight":16,
         "imagewidth":16
        }, 
        {
         "id":192,
         "image":"..\/..\/SharedAssets.xcassets\/Sprite Atlas\/Decoration Tiles Sprite Atlas.spriteatlas\/ruins_slope_0_7.imageset\/ruins_slope_0_7.png",
         "imageheight":16,
         "imagewidth":16
        }, 
        {
         "id":193,
         "image":"..\/..\/SharedAssets.xcassets\/Sprite Atlas\/Decoration Tiles Sprite Atlas.spriteatlas\/ruins_slope_0_15.imageset\/ruins_slope_0_15.png",
         "imageheight":16,
         "imagewidth":16
        }, 
        {
         "id":194,
         "image":"..\/..\/SharedAssets.xcassets\/Sprite Atlas\/Decoration Tiles Sprite Atlas.spriteatlas\/ruins_slope_3_0.imageset\/ruins_slope_3_0.png",
         "imageheight":16,
         "imagewidth":16
        }, 
        {
         "id":195,
         "image":"..\/..\/SharedAssets.xcassets\/Sprite Atlas\/Decoration Tiles Sprite Atlas.spriteatlas\/ruins_slope_4_7.imageset\/ruins_slope_4_7.png",
         "imageheight":16,
         "imagewidth":16
        }, 
        {
         "id":196,
         "image":"..\/..\/SharedAssets.xcassets\/Sprite Atlas\/Decoration Tiles Sprite Atlas.spriteatlas\/ruins_slope_7_0.imageset\/ruins_slope_7_0.png",
         "imageheight":16,
         "imagewidth":16
        }, 
        {
         "id":197,
         "image":"..\/..\/SharedAssets.xcassets\/Sprite Atlas\/Decoration Tiles Sprite Atlas.spriteatlas\/ruins_slope_7_4.imageset\/ruins_slope_7_4.png",
         "imageheight":16,
         "imagewidth":16
        }, 
        {
         "id":198,
         "image":"..\/..\/SharedAssets.xcassets\/Sprite Atlas\/Decoration Tiles Sprite Atlas.spriteatlas\/ruins_slope_8_11.imageset\/ruins_slope_8_11.png",
         "imageheight":16,
         "imagewidth":16
        }, 
        {
         "id":199,
         "image":"..\/..\/SharedAssets.xcassets\/Sprite Atlas\/Decoration Tiles Sprite Atlas.spriteatlas\/ruins_slope_8_15.imageset\/ruins_slope_8_15.png",
         "imageheight":16,
         "imagewidth":16
        }, 
        {
         "id":200,
         "image":"..\/..\/SharedAssets.xcassets\/Sprite Atlas\/Decoration Tiles Sprite Atlas.spriteatlas\/ruins_slope_11_8.imageset\/ruins_slope_11_8.png",
         "imageheight":16,
         "imagewidth":16
        }, 
        {
         "id":201,
         "image":"..\/..\/SharedAssets.xcassets\/Sprite Atlas\/Decoration Tiles Sprite Atlas.spriteatlas\/ruins_slope_12_15.imageset\/ruins_slope_12_15.png",
         "imageheight":16,
         "imagewidth":16
        }, 
        {
         "id":202,
         "image":"..\/..\/SharedAssets.xcassets\/Sprite Atlas\/Decoration Tiles Sprite Atlas.spriteatlas\/ruins_slope_15_0.imageset\/ruins_slope_15_0.png",
         "imageheight":16,
         "imagewidth":16
        }, 
        {
         "id":203,
         "image":"..\/..\/SharedAssets.xcassets\/Sprite Atlas\/Decoration Tiles Sprite Atlas.spriteatlas\/ruins_slope_15_8.imageset\/ruins_slope_15_8.png",
         "imageheight":16,
         "imagewidth":16
        }, 
        {
         "id":204,
         "image":"..\/..\/SharedAssets.xcassets\/Sprite Atlas\/Decoration Tiles Sprite Atlas.spriteatlas\/ruins_slope_15_12.imageset\/ruins_slope_15_12.png",
         "imageheight":16,
         "imagewidth":16
        }, 
        {
         "id":205,
         "image":"..\/..\/SharedAssets.xcassets\/Sprite Atlas\/Decoration Tiles Sprite Atlas.spriteatlas\/lava_top_left.imageset\/lava_top_left.png",
         "imageheight":16,
         "imagewidth":16
        }, 
        {
         "id":206,
         "image":"..\/..\/SharedAssets.xcassets\/Sprite Atlas\/Decoration Tiles Sprite Atlas.spriteatlas\/lava_top_right.imageset\/lava_top_right.png",
         "imageheight":16,
         "imagewidth":16
        }, 
        {
         "id":207,
         "image":"..\/..\/SharedAssets.xcassets\/Sprite Atlas\/Decoration Tiles Sprite Atlas.spriteatlas\/lava_bottom_left.imageset\/lava_bottom_left.png",
         "imageheight":16,
         "imagewidth":16
        }, 
        {
         "id":208,
         "image":"..\/..\/SharedAssets.xcassets\/Sprite Atlas\/Decoration Tiles Sprite Atlas.spriteatlas\/lava_bottom_right.imageset\/lava_bottom_right.png",
         "imageheight":16,
         "imagewidth":16
        }],
 "tilewidth":16,
 "type":"tileset",
 "version":1.2
}