{ "columns":0,
 "grid":
    {
     "height":1,
     "orientation":"orthogonal",
     "width":1
    },
 "margin":0,
 "name":"MyDecorationTileset",
 "spacing":0,
 "tilecount":2,
 "tiledversion":"1.2.3",
 "tileheight":16,
 "tiles":[
        {
         "id":0,
         "image":"Tiles\/decoration_tile_blue.png",
         "imageheight":16,
         "imagewidth":16
        }, 
        {
         "id":1,
         "image":"Tiles\/decoration_tile_yellow.png",
         "imageheight":16,
         "imagewidth":16
        }],
 "tilewidth":16,
 "type":"tileset",
 "version":1.2
}